airport,phase4_clean,phase5_physics,delta_physics_minus_clean
KATL,0.7270434466185236,0.7194842962358443,-0.007559150382679292
KBOS,0.6301662844301811,0.6397236782855602,0.009557393855379126
